Fecha Descarga;IdDataset;Nombre;Sector;Número de recursos;Número de descargas;Número de votos;Formatos;Frecuencia de actualización;Fecha de incorporación;Fecha última actualización de metadatos;Fecha última actualización de datos
29/08/2019;;Áreas caninas;Medio ambiente;;8497;40;,CSV,XLS;Anual;43690;;
29/08/2019;;Áreas de actividades para mayores;Cultura y ocio;;1903;951;,CSV,XLS;Anual;41905;;
29/08/2019;;Áreas de Prioridad Residencial (APR);Transporte;;3894;573;,CSV;Anual;42460;;
29/08/2019;;Áreas infantiles municipales;Cultura y ocio;;4013;1164;,CSV,XLS;Anual;42471;;
29/08/2019;;Accidentes de tráfico con implicación de bicicletas;Seguridad;;15768;45;,XLS;Mensual;42446;;
29/08/2019;;Accidentes de tráfico de la Ciudad de Madrid;Seguridad;;5935;20;,XLS;Mensual;43272;;
29/08/2019;;Accidentes de tráfico. Datos desde 2009 (Seguridad vial);Seguridad;;12425;1662;,XLS;Anual;41841;;
29/08/2019;;Activaciones del SAMUR-Protección Civil;Seguridad;;1497;22;,XLS;Trimestral;41947;;
29/08/2019;;Actividad contractual;Hacienda;;19013;1419;,XLS;Mensual;41710;;
29/08/2019;;Actividades Culturales y de Ocio Municipal en los próximos 100 días;Cultura y ocio;;106595;1279;,CSV,GEO,JSON,RDF,API;Diaria;41710;;
29/08/2019;;Actividades gratuitas en Bibliotecas Municipales en los próximos 60 días;Cultura y ocio;;54005;1292;,CSV,GEO,JSON,RDF,API;Diaria;42738;;
29/08/2019;;Actuaciones del Cuerpo de Bomberos;Seguridad;;1951;23;,XLS;Mensual;43245;;
29/08/2019;;Actuaciones en materia de limpieza urbana;Medio ambiente;;1391;17;,XLS;Trimestral;41710;;
29/08/2019;;Aforos de peatones y bicicletas;Transporte;;721;16;,CSV,XML;Trimestral;41710;;
29/08/2019;;Aforos de tráfico de la Ciudad de Madrid no permanentes;Transporte;;779;8;,CSV,XML;Trimestral;42446;;
29/08/2019;;Aforos de tráfico en la ciudad de Madrid permanentes ;Transporte;;3368;11;,CSV,XLS;Mensual;43245;;
29/08/2019;;Agenda de actividades deportivas;Deporte;;72236;893;,CSV,GEO,JSON,RDF,API;Diaria;42352;;
29/08/2019;;Agenda de actividades y eventos;Cultura y ocio;;199784;69;,CSV,GEO,JSON,RDF,API;Diaria;41908;;
29/08/2019;;Agenda de eventos en centros de la Dirección General de Comercio y Emprendimiento. Cursos y talleres gratuitos sobre emprendimiento y comercio;Economía;;1964;1486;,XLS;Mensual;43060;;
29/08/2019;;Agenda de eventos en Medialab-Prado;Cultura y ocio;;1722;1236;,XLS;Trimestral;41936;;
29/08/2019;;Agenda Madrid Innovación y ciudad inteligente;Economía;;238;6;,XLS;Diaria;43245;;
29/08/2019;;Agenda turística de la ciudad de Madrid (www.esmadrid.com);Turismo;;2395;751;,XML;Diaria;42471;;
29/08/2019;;Agendas institucionales;Sector público;;732;43;,XLS;Trimestral;43024;;
29/08/2019;;Alojamientos de la ciudad de Madrid (www.esmadrid.com);Turismo;;3616;398;,XML;Diaria;42471;;
29/08/2019;;Anotaciones de entrada en las Oficinas de Registro del Ayuntamiento de Madrid;Sector público;;2254;1421;,CSV;Mensual;41834;;
29/08/2019;;Aparcamientos públicos municipales;Urbanismo e infraestructuras;;22354;1787;,CSV,GEO,JSON,RDF,API;Anual;43434;;
29/08/2019;;Aparcamientos residentes PAR y aparcamientos públicos mixtos;Urbanismo e infraestructuras;;24394;1504;,CSV,GEO,JSON,RDF,API;Anual;42738;;
29/08/2019;;Aparcamientos rotacionales. Histórico de ocupación;Transporte;;96;3;,XLS;Mensual;43445;;
29/08/2019;;Aparcamientos Rotacionales:  información de ocupación y detalles;Transporte;;1087786;6;,API;Tiempo real;43549;;
29/08/2019;;Arbolado en parques y zonas verdes de Madrid;Medio ambiente;;3824;4;,XLS;Anual;0/0/0;;
29/08/2019;;Aseos públicos;Sector público;;11164;165;,CSV,XLS;Mensual;42129;;
29/08/2019;;Atención personalizada en Línea Madrid (canal presencial, telefónico y telemático @lineamadrid);Sector público;;8530;1292;,CSV;Mensual;42129;;
29/08/2019;;Autorizaciones administrativas que permiten actuaciones urbanísticas en suelo de dominio público;Urbanismo e infraestructuras;;368;6;,XLS;Mensual;43175;;
29/08/2019;;Autorizaciones del Servicio de Estacionamiento Regulado;Transporte;;1825;76;,XLS;Trimestral;42781;;
29/08/2019;;Avisos ciudadanos;Sociedad y bienestar;;9311;1352;,CSV;Mensual;42180;;
29/08/2019;;Avisos y reclamaciones recepcionados en las secciones de bicicleta pública (BiciMAD), señalización y SER;Transporte;;1273;609;,CSV;Semanal;42237;;
29/08/2019;;Ayudas sociales;Sector público;;2681;4;,XLS;Trimestral;0/0/0;;
29/08/2019;;Bibliotecas Públicas de Madrid. Catálogo;Cultura y ocio;;1635;1526;,XML;Mensual;41710;;
29/08/2019;;Bibliotecas Públicas de Madrid. Préstamos Activos;Cultura y ocio;;3852;1151;,CSV;Mensual;41816;;
29/08/2019;;Bibliotecas Públicas de Madrid. Préstamos Activos. Histórico;Cultura y ocio;;13351;5992;,TXT;Mensual;42348;;
29/08/2019;;Bibliotecas y bibliobuses en la ciudad de Madrid;Cultura y ocio;;8664;1282;,CSV,GEO,JSON,RDF,API;Anual;42129;;
29/08/2019;;Bici. Áreas de descanso;Transporte;;1000;1335;,CSV,XLS;Semestral;43663;;
29/08/2019;;Bici. Aparcabicis;Transporte;;4419;1641;,CSV,XLS;Semestral;43614;;
29/08/2019;;Bici. Avanza bici;Transporte;;1027;1588;,SHP,XLS;Semestral;42103;;
29/08/2019;;Bici. Calles tranquilas;Transporte;;3118;922;,CSV,KML,XLS;Semestral;43388;;
29/08/2019;;Bici. Ciclocarriles;Transporte;;3120;1513;,CSV,KML,XLS;Semestral;41710;;
29/08/2019;;Bici. Cruces semaforizados para bici;Transporte;;861;991;,CSV,GEO,XLS;Mensual;42738;;
29/08/2019;;Bici. Infraestructura ciclista.;Transporte;;4128;1667;,KMZ,XML;Semestral;42471;;
29/08/2019;;BiciMAD. Alta de usuarios y usos por día del servicio público de bicicleta eléctrica ;Transporte;;7646;1327;,XLS;Mensual;42110;;
29/08/2019;;BiciMAD. Bases del servicio público de bicicleta eléctrica de la ciudad de Madrid ;Transporte;;7261;1499;,CSV,XLS;Anual;43686;;
29/08/2019;;BiciMAD. Cuantificación económica del cumplimiento del nivel del servicio;Transporte;;925;468;,XLS;Trimestral;41710;;
29/08/2019;;BiciMAD. Datos de la situación de estaciones bicimad por día y hora;Transporte;;518;6;,ZIP;Mensual;43679;;
29/08/2019;;BiciMAD. Datos de los itinerarios de las bicicletas eléctricas;Transporte;;807;9;,ZIP;Mensual;42103;;
29/08/2019;;BiciMAD. Disponibilidad de unidades (bicicletas) del servicio público de bicicleta eléctrica ;Transporte;;2503;973;,CSV;Semanal;42237;;
29/08/2019;;Boletín Oficial del Ayuntamiento;Sector público;;624;9020;,RSS;Diaria;41710;;
29/08/2019;;Bomberos. Parques de bomberos;Seguridad;;36410;888;,CSV,GEO,JSON,RDF,API;Anual;43245;;
29/08/2019;;Cajeros en vía pública;Comercio;;578;5;,XLS;Anual;43024;;
29/08/2019;;Calendario de carreras urbanas. Temporada vigente;Deporte;;549;4;,XLS;Semanal;43487;;
29/08/2019;;Calendario de carreras urbanas. Temporadas anteriores;Deporte;;73;4;,XLS;Anual;42738;;
29/08/2019;;Calendario laboral ;Sector público;;34771;204;,CSV,XLS;Anual;43175;;
29/08/2019;;Calidad de las aguas regeneradas;Medio ambiente;;853;15;,XLS;Trimestral;42471;;
29/08/2019;;Calidad del aire. Datos diarios años 2001 a 2019;Medio ambiente;;45494;1580;,CSV,XML;Mensual;42843;;
29/08/2019;;Calidad del aire. Datos en tiempo real;Medio ambiente;;781553;3424;,CSV,XML;Tiempo real;42110;;
29/08/2019;;Calidad del aire. Datos horarios años 2001 a 2019;Medio ambiente;;26958;1365;,ZIP;Mensual;43679;;
29/08/2019;;Calidad del aire. Estaciones de control;Medio ambiente;;55820;1095;,CSV,XLS;Anual;42796;;
29/08/2019;;Callejero municipal. Ejes de viario;Urbanismo e infraestructuras;;832;15;,ZIP;Mensual;42934;;
29/08/2019;;Callejero Oficial del Ayuntamiento de Madrid;Urbanismo e infraestructuras;;25323;1894;,CSV;Diaria;42103;;
29/08/2019;;Callejero Oficial del Ayuntamiento de Madrid  (Servicio Web);Urbanismo e infraestructuras;;336;13;,XML;Tiempo real;43388;;
29/08/2019;;Callejero. Cambios de denominación Comisionado de Memoria Histórica;Urbanismo e infraestructuras;;1644;60;,XLS;Sin definir;41834;;
29/08/2019;;Callejero. Información adicional asociada. Códigos postales, zonas SER, categoría fiscal, parcela catastral, etc.;Urbanismo e infraestructuras;;11929;1745;,TXT;Mensual;43523;;
29/08/2019;;Campañas de aforos de bici, motos y peatonales;Transporte;;689;18;,XLS;Anual;42968;;
29/08/2019;;Carga y descarga. Reserva de estacionamiento para carga y descarga de mercancías en vía pública;Transporte;;27605;1345;,CSV,GEO,XLS;Anual;42038;;
29/08/2019;;Carteles informativos de zonas de videovigilancia en la vía pública;Seguridad;;183;6;,XLS;Anual;43343;;
29/08/2019;;Cartografía del Ayuntamiento de Madrid. Servicio WMS;Urbanismo e infraestructuras;;15672;1583;,WMS;Anual;41710;;
29/08/2019;;Cartografía municipal por distritos a escala 1:1000, formato SHP, ETRS89;Urbanismo e infraestructuras;;46640;1344;,SHP;Anual;43388;;
29/08/2019;;Cartografía municipal por distritos a escala 1:20000, formato SHP, ETRS89;Urbanismo e infraestructuras;;7150;1295;,SHP;Anual;42900;;
29/08/2019;;Cartografía municipal por distritos a escala 1:5000, formato SHP, ETRS89;Urbanismo e infraestructuras;;8909;1639;,SHP;Anual;43614;;
29/08/2019;;Catálogo de edificios protegidos. Cambios de catalogación;Urbanismo e infraestructuras;;5504;48;,XLS;Anual;43606;;
29/08/2019;;Catálogo de Información Pública del Ayuntamiento de Madrid;Sector público;;107;5;,XLS;Sin definir;42129;;
29/08/2019;;Catastro. Datos catastrales estadísticos a nivel de distrito y barrio;Hacienda;;4053;951;,XLS;Anual;42103;;
29/08/2019;;Cementerios de Madrid;Sociedad y bienestar;;4641;6162;,CSV,GEO,JSON,RDF,API;Anual;41816;;
29/08/2019;;Censo de animales domésticos por distrito;Salud;;10496;1598;,XLS;Anual;41808;;
29/08/2019;;Censo de locales, sus actividades y terrazas de hostelería y restauración ;Economía;;23496;2046;,TXT;Mensual;41710;;
29/08/2019;;Censo de locales, sus actividades y terrazas de hostelería y restauración. Histórico;Economía;;16236;1280;,TXT;Mensual;42446;;
29/08/2019;;Centros Culturales Municipales (incluyen Socioculturales y Juveniles);Cultura y ocio;;6498;996;,CSV,GEO,JSON,RDF,API;Anual;41984;;
29/08/2019;;Centros de Atención para Menores y Familia;Sociedad y bienestar;;5574;1064;,CSV,GEO,JSON,RDF,API;Anual;42446;;
29/08/2019;;Centros de Día;Sociedad y bienestar;;3319;869;,CSV,GEO,JSON,RDF,API;Anual;42446;;
29/08/2019;;Centros de la Escuela Oficial de Idiomas en Madrid;Educación;;3235;1108;,CSV,GEO,JSON,RDF,API;Anual;42446;;
29/08/2019;;Centros de Servicios Sociales Municipales;Sociedad y bienestar;;4097;780;,CSV,GEO,JSON,RDF,API;Anual;42237;;
29/08/2019;;Centros municipales de enseñanzas artísticas;Sociedad y bienestar;;24257;839;,CSV,GEO,JSON,RDF,API;Anual;41834;;
29/08/2019;;Centros Municipales de Mayores;Sociedad y bienestar;;3115;950;,CSV,GEO,JSON,RDF,API;Anual;42471;;
29/08/2019;;Centros Municipales de Mayores. Datos sobre número y perfil de socios y socias;Sociedad y bienestar;;713;17;,XLS;Mensual;42935;;
29/08/2019;;Centros para personas con discapacidad;Sociedad y bienestar;;2674;957;,CSV,GEO,JSON,RDF,API;Anual;41816;;
29/08/2019;;Centros para personas sin hogar;Sociedad y bienestar;;2524;991;,CSV,GEO,JSON,RDF,API;Anual;41976;;
29/08/2019;;Cita previa (Línea Madrid);Sector público;;2774;1355;,TXT;Mensual;42038;;
29/08/2019;;Citas proporcionadas desde los Centros de Servicios Sociales del Ayuntamiento de Madrid;Sociedad y bienestar;;134;3;,XLS;Trimestral;42808;;
29/08/2019;;Colegios Públicos de Madrid;Educación;;16974;1232;,CSV,GEO,JSON,RDF,API;Anual;41908;;
29/08/2019;;Comercios centenarios de Madrid ;Comercio;;153;6;,XLS;Anual;43434;;
29/08/2019;;Concejales del Ayuntamiento de Madrid desde 1979;Sector público;;475;11;,XLS;Sin definir;41834;;
29/08/2019;;Concesiones de quioscos;Comercio;;369;5;,CSV,GEO,XLS;Semestral;42471;;
29/08/2019;;Concesiones de zonas verdes;Medio ambiente;;387;11;,XLS;Trimestral;42038;;
29/08/2019;;Conjunto de datos publicados en datos.madrid.es;Sector público;;5469;306;,CSV,XLS;Mensual;43670;;
29/08/2019;;Consultas urbanísticas comunes y especiales;Urbanismo e infraestructuras;;485;5;,XLS;Mensual;43175;;
29/08/2019;;Contaminación acústica. Datos diarios;Medio ambiente;;38321;779;,TXT;Diaria;42352;;
29/08/2019;;Contaminación acústica. Datos históricos diarios;Medio ambiente;;552;5;,TXT;Mensual;43307;;
29/08/2019;;Contaminación acústica. Datos históricos mensuales;Medio ambiente;;6698;691;,XLS;Mensual;43655;;
29/08/2019;;Contaminación acústica: Estaciones de medida;Medio ambiente;;2178;754;,CSV,GEO,XLS;Semestral;43024;;
29/08/2019;;Contenedores de aceite vegetal usado;Medio ambiente;;15383;35;,CSV,XLS;Trimestral;43614;;
29/08/2019;;Contenedores de papel-cartón, vidrio, envases, orgánica y restos;Medio ambiente;;3695;60;,XLS;Anual;42038;;
29/08/2019;;Contenedores de pilas en marquesinas de autobús;Medio ambiente;;11296;645;,CSV,XLS;Anual;41905;;
29/08/2019;;Contenedores de ropa autorizados del Ayuntamiento de Madrid;Medio ambiente;;114866;1521;,CSV,XLS;Trimestral;42038;;
29/08/2019;;Contenedores de vidrio con publicidad;Medio ambiente;;558;9;,CSV,XLS;Anual;43434;;
29/08/2019;;Contenedores o sacos de residuos de construcción y demolición (RCD) llenos más de 24 horas;Medio ambiente;;685;69;,XLS;Diaria;42808;;
29/08/2019;;Contratos de arrendamiento;Sector público;;43;3;,XLS;Trimestral;43663;;
29/08/2019;;Contratos menores;Hacienda;;1369;6;,XLS;Mensual;42738;;
29/08/2019;;Convenios;Sector público;;226;6;,XLS;Mensual;43445;;
29/08/2019;;Datos de uso de portales madrid.es;Sector público;;388;16;,XLS;Trimestral;43670;;
29/08/2019;;Datos meteorológicos. Datos diarios desde 2019;Medio ambiente;;249;2;,CSV,XML;Mensual;43487;;
29/08/2019;;Datos meteorológicos. Datos horarios desde 2019;Medio ambiente;;403;2;,CSV,XML;Mensual;43245;;
29/08/2019;;Datos meteorológicos. Estaciones de control ;Medio ambiente;;590;4;,CSV,XLS;Anual;43434;;
29/08/2019;;Declaración de bienes y actividades de los concejales del Ayuntamiento de Madrid. Corporación 2015-2019;Sector público;;8098;944;,XLS;Sin definir;42340;;
29/08/2019;;Declaración de bienes y actividades de los concejales del Ayuntamiento de Madrid. Corporación 2019-2023;Sector público;;72;2;,XLS;Sin definir;43670;;
29/08/2019;;Declaración de bienes y actividades de los directivos del Ayuntamiento de Madrid;Sector público;;437;5;,XLS;Anual;43187;;
29/08/2019;;Denuncias y sanciones sobre limpieza urbana y zonas verdes;Medio ambiente;;2238;11;,XLS;Trimestral;43606;;
29/08/2019;;Deportes.  Inscripción de alumnos de Escuelas de promoción deportiva.Temporada en curso ;Deporte;;693;384;,XLS;Mensual;41710;;
29/08/2019;;Deportes. Abonados en Centros Deportivos Municipales;Deporte;;737;85;,XLS;Mensual;42802;;
29/08/2019;;Deportes. Centros Deportivos Municipales (Polideportivos);Deporte;;10899;1243;,CSV,GEO,JSON,RDF,API;Anual;43690;;
29/08/2019;;Deportes. Clases y actividades dirigidas para toda la temporada 2014/2015. Clases;Deporte;;1557;750;,XLS;Sin definir;41908;;
29/08/2019;;Deportes. Clases y actividades dirigidas para toda la temporada 2014/2015. Horarios;Deporte;;228;830;,XLS;Sin definir;41908;;
29/08/2019;;Deportes. Clases y actividades dirigidas para toda la temporada 2015/2016. Horarios;Deporte;;173;438;,XLS;Anual;42334;;
29/08/2019;;Deportes. Competiciones deportivas municipales de deportes colectivos. Temporada en curso (2018 / 2019);Medio ambiente;;110687;1184;,TXT;Semanal;42446;;
29/08/2019;;Deportes. Competiciones deportivas municipales de deportes colectivos. Temporadas anteriores;Deporte;;130;4;,XLS;Anual;42859;;
29/08/2019;;Deportes. Descuentos en instalaciones deportivas;Deporte;;411;61;,XLS;Mensual;42471;;
29/08/2019;;Deportes. Inscripción de alumnos de Escuelas de promoción deportiva. Temporadas anteriores;Deporte;;45;4;,XLS;Sin definir;42471;;
29/08/2019;;Deportes. Inscripción de participantes en Juegos Deportivos Municipales colectivos e individuales . Temporada en curso.  ;Deporte;;756;348;,XLS;Mensual;42110;;
29/08/2019;;Deportes. Instalaciones Deportivas Básicas Municipales;Deporte;;6819;883;,CSV,GEO,JSON,RDF,API;Anual;43606;;
29/08/2019;;Deportes. Oferta y ocupación de plazas en actividades deportivas dirigidas. Temporada en curso;Deporte;;519;189;,XLS;Mensual;43670;;
29/08/2019;;Deportes. Tarifas de instalaciones deportivas ;Deporte;;255;79;,XLS;Anual;42790;;
29/08/2019;;Deportes. Utilización de unidades deportivas;Deporte;;484;81;,XLS;Mensual;42796;;
29/08/2019;;Deportes: Piscinas municipales en la ciudad de Madrid.;Deporte;;3825;790;,CSV,GEO,JSON,RDF,API;Anual;41710;;
29/08/2019;;Depósitos de la grúa  del Ayuntamiento de Madrid;Transporte;;4647;5;,CSV,GEO,JSON,RDF,API;Diaria;43147;;
29/08/2019;;Deuda pública del Ayuntamiento de Madrid;Economía;;1167;24;,XLS;Anual;42852;;
29/08/2019;;Directorio de establecimientos en 7 polígonos industriales ;Economía;;9588;1008;,XLS;Anual;41844;;
29/08/2019;;Distinciones honoríficas otorgadas por el Ayuntamiento de Madrid;Sector público;;79;5;,XLS;Anual;42237;;
29/08/2019;;Divisiones administrativas: distritos, barrios y divisiones históricas;Urbanismo e infraestructuras;;15719;1138;,CSV,TXT;Anual;43549;;
29/08/2019;;Edificios de carácter monumental;Cultura y ocio;;8810;801;,CSV,GEO,JSON,RDF,API;Anual;41710;;
29/08/2019;;Elecciones Asamblea de Madrid 1983-2015;Sector público;;1839;726;,XLS;Sin definir;41976;;
29/08/2019;;Elecciones Ayuntamiento de Madrid 1983-2015;Sector público;;2798;983;,XLS;Sin definir;41976;;
29/08/2019;;Elecciones Congreso de los Diputados 1989-2011;Sector público;;1230;809;,XLS;Sin definir;41976;;
29/08/2019;;Elecciones Generales 28 de abril 2019: colegios, callejero y mesas electorales.;Sector público;;8653;38;,XLS;Sin definir;41908;;
29/08/2019;;Elecciones Municipales, Autonómicas y al Parlamento Europeo 26 de mayo de 2019: colegios, callejero y mesas;Sector público;;303;5;,XLS;Sin definir;43606;;
29/08/2019;;Elecciones Parlamento Europeo 1987-2014;Sector público;;1174;880;,XLS;Sin definir;41976;;
29/08/2019;;Elecciones Senado 2000-2011;Sector público;;565;799;,XLS;Sin definir;41984;;
29/08/2019;;Elementos de mobiliario urbano y juegos homologados;Urbanismo e infraestructuras;;7601;1059;,XLS;Anual;43606;;
29/08/2019;;Embajadas y Consulados;Urbanismo e infraestructuras;;7504;821;,CSV,GEO,JSON,RDF,API;Anual;43175;;
29/08/2019;;Empresas adheridas al Sistema Arbitral de Consumo;Comercio;;3271;794;,CSV,GEO,JSON,RDF,API;Mensual;41976;;
29/08/2019;;Empresas alojadas en la Red de Viveros de Empresa de la Dirección General de Comercio y Emprendimiento;Economía;;1510;805;,XLS;Semestral;41936;;
29/08/2019;;Empresas de Mudanzas;Sector público;;658;411;,CSV,XLS;Mensual;42352;;
29/08/2019;;Empresas por epígrafe de actividad económica: IAE;Hacienda;;2729;784;,XLS;Anual;43187;;
29/08/2019;;EMT. Calendario, grupos, líneas y paradas en formato xlsx;Transporte;;1880;1009;,XLS;Diaria;41905;;
29/08/2019;;EMT. Calendario, grupos, líneas y paradas en formato xml;Transporte;;1438;967;,XML;Diaria;41905;;
29/08/2019;;EMT. Flota de autobuses;Transporte;;662;11;,XLS;Semestral;43319;;
29/08/2019;;EMT. Grado de ocupación de líneas de autobús;Transporte;;137;3;,XLS;Anual;43614;;
29/08/2019;;EMT. Incidencias del servicio;Transporte;;9889;801;,RSS;Tiempo real;41710;;
29/08/2019;;Enajenaciones del patrimonio municipal del suelo ;Urbanismo e infraestructuras;;34;0;,XLS;Anual;43679;;
29/08/2019;;Encomiendas de gestión a sociedades municipales;Hacienda;;939;506;,XLS;Mensual;42355;;
29/08/2019;;Encuesta de calidad de vida y satisfacción con los servicios públicos de la ciudad de Madrid (serie);Sector público;;4603;266;,XLS;Sin definir;43690;;
29/08/2019;;Encuesta de Salud de la Ciudad de Madrid 2013;Salud;;383;81;,CSV;Sin definir;42720;;
29/08/2019;;Encuesta de satisfacción a usuarios de la Oficina de Objetos Perdidos 2017 ;Sector público;;103;8;,XLS;Anual;43147;;
29/08/2019;;Encuesta de satisfacción de las participantes en jornadas y seminarios de autoprotección para mujeres (serie);Deporte;;58;3;,XLS;Anual;43523;;
29/08/2019;;Encuesta de Satisfacción de las personas atendidas en el Centro de Prevención de Deterioro Cognitivo (CPDC) (Serie);Salud;;166;251;,CSV;Anual;42738;;
29/08/2019;;Encuesta de Satisfacción de las personas atendidas en la Consulta de Consejo sanitario en viajes del Centro de Madrid Salud Internacional (CMSI) (Serie);Salud;;204;228;,CSV;Anual;42738;;
29/08/2019;;Encuesta de Satisfacción de las personas que comunican avisos al Departamento de Control de Vectores (UTCV) (Serie);Salud;;154;211;,CSV;Sin definir;42738;;
29/08/2019;;Encuesta de Satisfacción de las personas que han solicitado un Informe de Habitabilidad y Salubridad de la vivienda (Serie);Salud;;138;248;,CSV;Sin definir;42738;;
29/08/2019;;Encuesta de Satisfacción de las personas que han utilizado el Servicio de toma de muestras de aguas de consumo en grifo (Serie);Salud;;237;245;,CSV;Anual;42738;;
29/08/2019;;Encuesta de satisfacción de las personas usuarias del Centro de Protección Animal (CPA) (Serie);Salud;;204;185;,CSV;Anual;42738;;
29/08/2019;;Encuesta de satisfacción de los familiares que acuden acompañando las personas atendidas en el Centro de Prevención de Deterioro Cognitivo (Serie);Salud;;233;223;,CSV;Anual;42738;;
29/08/2019;;Encuesta de satisfacción de usuarios de la Oficina de Atención al Ciudadano de Madrid Salud (Serie);Salud;;236;203;,CSV;Anual;42738;;
29/08/2019;;Encuesta del Servicio de  Sugerencias y Reclamaciones (serie anual);Sector público;;617;192;,XLS;Anual;42738;;
29/08/2019;;Entidades Colaboradoras Urbanísticas (ECU) ;Urbanismo e infraestructuras;;3754;4;,CSV,GEO,JSON,RDF,API;Anual;42859;;
29/08/2019;;Entidades de participación ciudadana. Asociaciones (Sección 1ª);Sociedad y bienestar;;5947;745;,XLS;Mensual;42471;;
29/08/2019;;Entidades de participación ciudadana. Federaciones, Confederaciones y Uniones de Asociaciones (Sección 1ª);Sociedad y bienestar;;1937;765;,XLS;Mensual;42471;;
29/08/2019;;Entidades de participación ciudadana. Fundaciones (Sección 2ª);Sociedad y bienestar;;273;4;,XLS;Mensual;42129;;
29/08/2019;;Epígrafes de actividad económica;Economía;;686;154;,XLS;Sin definir;43670;;
29/08/2019;;Escuelas de español para extranjeros de la ciudad de Madrid (www.esmadrid.com);Turismo;;2261;342;,XML;Diaria;42471;;
29/08/2019;;Escuelas Infantiles Municipales;Educación;;8608;833;,CSV,GEO,JSON,RDF,API;Anual;42237;;
29/08/2019;;Escuelas Infantiles Municipales: empresas gestoras;Educación;;344;5;,XLS;Anual;43514;;
29/08/2019;;Espacios relacionados con Deporte y Turismo de la ciudad de Madrid (www.esmadrid.com);Turismo;;967;382;,XML;Diaria;42471;;
29/08/2019;;Estaciones de suministro de combustibles menos contaminantes;Transporte;;704;838;,XLS;Semestral;42934;;
29/08/2019;;Estaciones Depuradoras del Municipio de Madrid. Calidad del vertido de las aguas residuales depuradas;Medio ambiente;;601;12;,XLS;Trimestral;41834;;
29/08/2019;;Estaciones regeneradoras de aguas residuales de la ciudad de Madrid;Medio ambiente;;4119;4;,CSV,GEO,JSON,RDF,API;Diaria;43514;;
29/08/2019;;Estructuras singulares en vías y espacios públicos ;Urbanismo e infraestructuras;;13;0;,XLS;Anual;43679;;
29/08/2019;;Estudio de necesidades, demandas y expectativas de mujeres atendidas en los Centros de Atención a las Adicciones (CAD);Salud;;42;3;,CSV;Anual;43579;;
29/08/2019;;Estudio de satisfacción de usuarios de los Centros de Atención a las Adicciones (CADs) (Serie);Salud;;187;179;,CSV;Sin definir;42738;;
29/08/2019;;Estudio del Parque Circulante de la ciudad de Madrid ;Transporte;;708;682;,XLS;Sin definir;41908;;
29/08/2019;;Eventos de carácter comercial celebrados en CentroCentro;Cultura y ocio;;83;4;,XLS;Anual;42738;;
29/08/2019;;Eventos municipales para el fomento de la igualdad de oportunidades los próximos 100 días;Sociedad y bienestar;;5205;775;,CSV,GEO,JSON,RDF,API;Diaria;43670;;
29/08/2019;;Fuentes de agua para beber;Sector público;;20768;455;,CSV,GEO,XLS;Trimestral;42352;;
29/08/2019;;Farmacias de guardia;Salud;;47684;1038;,XLS;Mensual;42738;;
29/08/2019;;Fichero de subvenciones de cooperación al desarrollo;Sociedad y bienestar;;466;753;,XLS;Sin definir;41744;;
29/08/2019;;Gastos protocolarios y de viajes;Sector público;;2966;606;,XLS;Trimestral;41936;;
29/08/2019;;Hidrantes de protección contra incendios en espacios públicos;Medio ambiente;;2059;8;,CSV,XLS;Anual;42471;;
29/08/2019;;Impuesto de vehículos de tracción mecánica (IVTM): padrón de vehículos;Hacienda;;2491;891;,XLS;Anual;41710;;
29/08/2019;;Impuesto sobre Construcciones, Instalaciones y Obras (ICIO):  Autoliquidaciones (2005-2016);Hacienda;;946;921;,XLS;Anual;41710;;
29/08/2019;;Impuesto sobre el Incremento de Valor de los Terrenos de Naturaleza Urbana (IIVTNU):  Autoliquidaciones anuales desde 2013;Hacienda;;922;744;,XLS;Anual;42471;;
29/08/2019;;Indicadores de las Cartas de Servicios del Ayuntamiento de Madrid;Sector público;;201;9;,XLS;Anual;42446;;
29/08/2019;;Infraestructuras municipales para el fomento del emprendimiento;Economía;;595;880;,XLS;Anual;41710;;
29/08/2019;;Inmigrantes. Personas atendidas en el Servicio de Empleo ;Sociedad y bienestar;;1256;690;,XLS;Semestral;41908;;
29/08/2019;;Inmigrantes. Personas atendidas en el Servicio de Información y Orientación;Sociedad y bienestar;;1154;7269;,XLS;Semestral;0/0/0;;
29/08/2019;;Inmigrantes. Personas en cursos de Español ;Sociedad y bienestar;;1149;654;,XLS;Semestral;43549;;
29/08/2019;;Inspecciones ambientales de instalaciones y actividades;Medio ambiente;;413;10;,XLS;Trimestral;41976;;
29/08/2019;;Inspecciones de Consumo;Comercio;;892;205;,XLS;Trimestral;42738;;
29/08/2019;;Inspecciones de locales sujetos a la Ley de espectáculos públicos y actividades recreativas;Seguridad;;684;11;,XLS;Trimestral;42129;;
29/08/2019;;Inspecciones de prevención de incendios ;Seguridad;;27;0;,XLS;Anual;43679;;
29/08/2019;;Inspecciones técnicas de aparcamientos municipales;Urbanismo e infraestructuras;;305;7;,XLS;Mensual;41710;;
29/08/2019;;Inspecciones urbanísticas ;Urbanismo e infraestructuras;;23;0;,XLS;Anual;43679;;
29/08/2019;;Instalaciones accesibles municipales;Sociedad y bienestar;;4621;1234;,CSV,GEO,JSON,RDF,API;Anual;43655;;
29/08/2019;;Instalaciones accesibles no municipales;Sociedad y bienestar;;2072;757;,CSV,GEO,JSON,RDF,API;Anual;42110;;
29/08/2019;;Instalaciones hidráulicas ornamentales en parques históricos, singulares y forestales;Medio ambiente;;555;7;,CSV,XLS;Trimestral;41744;;
29/08/2019;;Instalaciones hidráulicas ornamentales en vías públicas;Medio ambiente;;748;9;,CSV,XLS;Trimestral;42446;;
29/08/2019;;Instalaciones municipales con zonas wifi gratuitas;Ciencia y tecnología;;12066;951;,CSV,GEO,JSON,RDF,API;Anual;42738;;
29/08/2019;;Inventario de bienes muebles e inmuebles del Ayuntamiento de Madrid;Hacienda;;5233;385;,XLS;Anual;41905;;
29/08/2019;;Inventario de Patrimonio Municipal del Suelo;Urbanismo e infraestructuras;;1830;349;,XLS;Anual;42110;;
29/08/2019;;Inventario de Procedimientos Administrativos del Ayuntamiento de Madrid;Sector público;;2280;1029;,XLS;Anual;41710;;
29/08/2019;;Inventario de zonas verdes;Medio ambiente;;1501;14;,XLS;Trimestral;43175;;
29/08/2019;;Inversiones financieramente sostenibles de Agua y Zonas Verdes 2017;Medio ambiente;;440;10;,XLS;Trimestral;42738;;
29/08/2019;;JOBO (Joven Bono Cultural). Entradas emitidas y personas usuarias;Cultura y ocio;;78;3;,XLS;Semestral;42110;;
29/08/2019;;Juntas Municipales de Distrito;Sector público;;2209;630;,CSV,GEO,JSON,RDF,API;Anual;43670;;
29/08/2019;;Licencias urbanísticas otorgadas, declaraciones responsables y comunicaciones previas;Urbanismo e infraestructuras;;743;8;,XLS;Mensual;43175;;
29/08/2019;;Límites de velocidad en la red viaria;Transporte;;7;0;,ZIP;Anual;43689;;
29/08/2019;;Listas de espera de aparcamientos de residentes PAR;Urbanismo e infraestructuras;;26737;545;,CSV;Mensual;42696;;
29/08/2019;;Locales de diversión y entretenimiento con perfil turístico de la ciudad de Madrid (www.esmadrid.com);Turismo;;1498;328;,XML;Diaria;42471;;
29/08/2019;;Madrid Recupera. Programa de actuaciones;Urbanismo e infraestructuras;;889;10;,CSV,GEO,KMZ,ZIP;Sin definir;42237;;
29/08/2019;;Madrid Salud. Estadísticas centro de protección animal;Salud;;946;667;,XLS;Semestral;42103;;
29/08/2019;;Madrid Salud. Estadísticas de inspecciones realizadas centros estética, aguas recreativas y centros infantiles;Salud;;443;670;,XLS;Anual;42103;;
29/08/2019;;Madrid Salud. Estadísticas de inspecciones realizadas en seguridad alimentaria y resultados de análisis de muestras;Salud;;3632;888;,XLS;Anual;42103;;
29/08/2019;;Madrid Salud. Inspecciones de centros veterinarios y de venta de animales;Salud;;107;4;,XLS;Trimestral;43434;;
29/08/2019;;Madrid Salud. Inspecciones de escuelas y centros infantiles;Salud;;122;4;,XLS;Trimestral;43670;;
29/08/2019;;Madrid Salud. Inspecciones en establecimientos de estética y cuidado corporal;Salud;;88;4;,XLS;Trimestral;42103;;
29/08/2019;;Madrid Salud. Inspecciones en piscinas y balnearios urbanos;Salud;;104;4;,XLS;Trimestral;42044;;
29/08/2019;;Madrid Salud. Inspecciones para el control oficial de alimentos en establecimientos de restauración colectiva;Salud;;174;7;;Trimestral;43434;;
29/08/2019;;Madrid Salud. Inspecciones para el control oficial de alimentos en establecimientos del comercio minorista de alimentación;Salud;;114;5;;Trimestral;42471;;
29/08/2019;;Madrid Salud. Relación de centros municipales ;Salud;;2573;816;,CSV,GEO,JSON,RDF,API;Anual;41710;;
29/08/2019;;Marca Madrid;Sector público;;16;1;,XLS;Sin definir;41976;;
29/08/2019;;Mercadillos en la vía pública;Comercio;;3224;1044;,CSV,GEO,JSON,RDF,API;Anual;41710;;
29/08/2019;;Mercados Municipales;Comercio;;4301;689;,CSV,GEO,JSON,RDF,API;Anual;42348;;
29/08/2019;;Mercados Municipales: locales comerciales, nombres comerciales y actividades;Comercio;;1540;853;,XLS;Anual;42859;;
29/08/2019;;Mercamadrid: empresas y ubicación ;Comercio;;55;2;,TXT;Trimestral;42038;;
29/08/2019;;Mercamadrid: volumen y precio de productos comercializados;Comercio;;112;2;,TXT;Trimestral;43388;;
29/08/2019;;Mobiliario urbano. Bancos;Medio ambiente;;749;15;,CSV,XLS;Semestral;42738;;
29/08/2019;;Mobiliario urbano. Juegos en Áreas Infantiles;Medio ambiente;;892;10;,CSV,XLS;Semestral;41834;;
29/08/2019;;Mobiliario urbano. Mesas;Medio ambiente;;282;5;,CSV,XLS;Semestral;42802;;
29/08/2019;;Mobiliario urbano. Papeleras;Medio ambiente;;630;9;,XLS;Semestral;41936;;
29/08/2019;;Mobiliario urbano. Papeleras con dispensador de bolsas de excrementos para perros;Medio ambiente;;5321;219;,CSV,XLS;Trimestral;41984;;
29/08/2019;;Monumentos de la ciudad de Madrid ;Cultura y ocio;;435;4;,CSV,GEO,JSON,RDF,API;Mensual;42129;;
29/08/2019;;Monumentos de la ciudad de Madrid (versión anterior);Cultura y ocio;;1269;888;,XLS;Anual;42110;;
29/08/2019;;Moto. Avanza moto;Transporte;;2610;746;,CSV,XLS;Anual;43514;;
29/08/2019;;Moto. Reservas moto;Transporte;;8601;785;,CSV,GEO,XLS;Anual;41710;;
29/08/2019;;Multas de circulación;Transporte;;3371;933;,XLS;Mensual;41963;;
29/08/2019;;Multas de circulación: detalle;Transporte;;47035;1322;,XLS;Mensual;43245;;
29/08/2019;;Museos de la ciudad de Madrid;Cultura y ocio;;13628;5019;,CSV,GEO,JSON,RDF,API;Anual;43614;;
29/08/2019;;Normativa municipal;Legislación y justicia;;1647;797;,XML;Anual;41710;;
29/08/2019;;Notas de prensa;Sector público;;456;654;,RSS;Sin definir;41710;;
29/08/2019;;Ocupación de la vía pública. Estadísticas de  rodajes (2015-2018);Transporte;;3732;758;,XLS;Mensual;42044;;
29/08/2019;;Ocupación de la vía pública. Histórico de rodajes;Transporte;;61;3;,XML;Mensual;43655;;
29/08/2019;;Oficina Municipal de Información al Consumidor;Sector público;;1785;977;,CSV,GEO,JSON,RDF,API;Anual;43434;;
29/08/2019;;Oficinas de Atención Integral al Contribuyente (OAIC);Hacienda;;115;3;,CSV,GEO,JSON,API;Sin definir;41710;;
29/08/2019;;Oficinas de la Agencia Municipal de Empleo;Empleo;;1879;870;,CSV,GEO,JSON,RDF,API;Anual;41963;;
29/08/2019;;Oficinas de Línea Madrid;Sector público;;2068;921;,CSV,GEO,JSON,RDF,API;Anual;43663;;
29/08/2019;;Oficinas de registro;Sector público;;1870;799;,CSV,GEO,JSON,RDF,API;Anual;43670;;
29/08/2019;;Oficinas de turismo en Madrid;Turismo;;3780;748;,CSV,GEO,JSON,RDF,API;Anual;42781;;
29/08/2019;;Ofrecimientos de plazas libres en aparcamientos de residentes PAR;Urbanismo e infraestructuras;;3568;22;,XLS;Semestral;0/0/0;;
29/08/2019;;Oposiciones y empleo;Empleo;;1433;625;,RSS;Diaria;41710;;
29/08/2019;;Órdenes de ejecución  para el cumplimiento del deber de conservación y rehabilitación exigidas a los propietarios ;Urbanismo e infraestructuras;;13;0;,XLS;Anual;43686;;
29/08/2019;;Padrón Municipal;Demografía;;9142;1223;,TXT;Mensual;42446;;
29/08/2019;;Padrón Municipal. Histórico;Demografía;;14502;1043;,TXT;Mensual;41744;;
29/08/2019;;Pagos a terceros;Hacienda;;256;6;,XLS;Anual;41710;;
29/08/2019;;Panel de indicadores de distritos y barrios de Madrid. Estudio sociodemográfico;Sector público;;3386;111;,XLS;Anual;42781;;
29/08/2019;;Parque móvil municipal ;Sector público;;736;7;,XLS;Trimestral;42038;;
29/08/2019;;Parque móvil municipal  Gastos;Sector público;;51;2;,XLS;Trimestral;43060;;
29/08/2019;;Participación ciudadana. Debates y propuestas;Sociedad y bienestar;;1310;17;,CSV;Diaria;42859;;
29/08/2019;;Participación ciudadana. Presupuestos participativos;Sociedad y bienestar;;265;7;,XLS;Trimestral;41976;;
29/08/2019;;Participación ciudadana: Consultas ciudadanas;Sector público;;624;1025;,XLS;Anual;43388;;
29/08/2019;;Paso de vehículos (Vados);Urbanismo e infraestructuras;;4666;25;,XLS;Anual;42738;;
29/08/2019;;Patinetes eléctricos;Transporte;;997;22;,XLS;Anual;43508;;
29/08/2019;;Perfiles profesionales de concejales, directivos, eventuales, funcionarios de nivel  28 o superior y vocales vecinos del Ayuntamiento de Madrid;Sector público;;2034;14;,CSV;Semanal;42348;;
29/08/2019;;PGOUM 97. Edificabilidad remanente en ámbitos;Urbanismo e infraestructuras;;2403;930;,XLS;Anual;41710;;
29/08/2019;;PGOUM 97. Estado de desarrollo de los ámbitos;Urbanismo e infraestructuras;;1223;831;,XLS;Anual;41710;;
29/08/2019;;PGOUM 97. Plano de condiciones de edificación;Urbanismo e infraestructuras;;1369;14;,ZIP;Sin definir;41816;;
29/08/2019;;PGOUM 97. Plano de ordenación;Urbanismo e infraestructuras;;4539;32;,ZIP;Sin definir;41710;;
29/08/2019;;Placas conmemorativas de Madrid;Cultura y ocio;;913;7;,CSV,GEO,XML;Semestral;43434;;
29/08/2019;;Plagas y vectores;Salud;;1991;17;,XLS;Anual;41710;;
29/08/2019;;Plan de Gobierno 2015-2019;Sector público;;1688;319;,XLS;Sin definir;41744;;
29/08/2019;;Planeamiento urbanístico. Modificaciones aprobadas del PGOU y planes parciales aprobados;Urbanismo e infraestructuras;;957;21;,XLS;Anual;43060;;
29/08/2019;;Planeamiento urbanístico. Usos y destinos del suelo;Urbanismo e infraestructuras;;1632;24;,XLS;Anual;43514;;
29/08/2019;;Planes de formación del Ayuntamiento de Madrid de empleados públicos;Sector público;;302;9;,XLS;Semestral;41936;;
29/08/2019;;Planes de gestión del arbolado de zonas verdes y del viario ;Medio ambiente;;3139;22;,XLS;Trimestral;42103;;
29/08/2019;;Plazas de estacionamiento para personas de movilidad reducida;Transporte;;5727;1006;,CSV,XLS;Anual;43663;;
29/08/2019;;Policía Municipal. Datos estadísticos actuaciones Policía Municipal;Seguridad;;24392;1222;,XLS;Mensual;42103;;
29/08/2019;;Pozos de alcantarillado: desratización y desinsectación;Salud;;140;3;,CSV,PDF,XLS,ZIP;Anual;41710;;
29/08/2019;;Presupuestos. Ejecución mensual ejercicio en curso (2019);Hacienda;;623;3;,XLS;Mensual;43432;;
29/08/2019;;Presupuestos. Históricos ejecución 2011-2018;Hacienda;;24587;10812;,XLS;Anual;42039;;
29/08/2019;;Presupuestos. Históricos generales 2011-2018;Hacienda;;9567;1311;,XLS;Anual;41710;;
29/08/2019;;Presupuestos. Presupuesto general 2019;Hacienda;;728;5;,XLS;Anual;42446;;
29/08/2019;;Principales parques y jardines municipales;Medio ambiente;;9364;858;,CSV,GEO,JSON,RDF,API;Anual;43663;;
29/08/2019;;Próximas carreras urbanas;Deporte;;8421;4;,CSV,GEO,JSON,RDF,API;Diaria;43388;;
29/08/2019;;Publicidad institucional;Sector público;;3164;444;,XLS;Semestral;42446;;
29/08/2019;;Puntos de atención a mujeres;Sociedad y bienestar;;2350;631;,CSV,GEO,JSON,RDF,API;Sin definir;43432;;
29/08/2019;;Puntos de información turística;Turismo;;3525;1248;,CSV,GEO,JSON,RDF,API;Anual;42129;;
29/08/2019;;Puntos de interés de transporte para navegadores (estaciones de metro, cercanías, autobuses, taxi);Urbanismo e infraestructuras;;20495;1017;,GPX,RDF;Trimestral;42103;;
29/08/2019;;Puntos de Interés turístico de la ciudad de Madrid. Qué visitar en Madrid (www.esmadrid.com);Turismo;;1679;377;,XML;Diaria;42471;;
29/08/2019;;Puntos de Recarga de vehículos eléctricos de acceso público;Transporte;;2552;1019;,XLS;Anual;43690;;
29/08/2019;;Puntos Limpios de Proximidad;Medio ambiente;;5469;17;,CSV,XLS;Trimestral;43024;;
29/08/2019;;Puntos Limpios Fijos;Medio ambiente;;51883;1121;,CSV,GEO,JSON,RDF,API;Semestral;43655;;
29/08/2019;;Puntos Limpios Móviles ;Medio ambiente;;9843;79;,CSV,XLS;Anual;42103;;
29/08/2019;;Radares ;Seguridad;;10103;340;,CSV,XLS;Sin definir;43549;;
29/08/2019;;Ranking de vulnerabilidad de los distritos y barrios de Madrid;Sector público;;621;18;,XLS;Anual;42696;;
29/08/2019;;Recogida de residuos;Medio ambiente;;1450;9;,XLS;Trimestral;42471;;
29/08/2019;;Reconocimiento de compatibilidad de los funcionarios;Sector público;;3820;484;,XLS;Semestral;42352;;
29/08/2019;;Red de datos del Ayuntamiento de Madrid;Sector público;;191;6;,XLS;Anual;41710;;
29/08/2019;;Red topográfica de Madrid;Urbanismo e infraestructuras;;880;17;,CSV,ZIP;Anual;43549;;
29/08/2019;;Regalos incorporados al patrimonio del Ayuntamiento de Madrid;Sector público;;275;6;,XLS;Sin definir;43560;;
29/08/2019;;Registro de actividades de tratamiento de datos personales;Sector público;;152;6;,XLS;Mensual;43434;;
29/08/2019;;Registro de animales potencialmente peligrosos ;Salud;;239;7;,XLS;Semestral;43432;;
29/08/2019;;Registro de Lobbies;Sector público;;180;5;,XLS;Trimestral;41905;;
29/08/2019;;Relación de autorizaciones administrativas que permitan la ocupación de vías y espacios de dominio público municipal, promovidas por otras Administraciones Públicas ;Urbanismo e infraestructuras;;14;0;,XLS;Anual;43679;;
29/08/2019;;Relación de licencias de obras en vía pública;Urbanismo e infraestructuras;;16;0;,XLS;Anual;43679;;
29/08/2019;;Relación de los edificios declarados en ruina legal y física;Urbanismo e infraestructuras;;28;0;,XLS;Anual;43689;;
29/08/2019;;Relación de Puestos de Trabajo (RPT) del Ayuntamiento de Madrid y Organismos Autónomos 2017 (1 de  junio 2017);Sector público;;351;9;,CSV;Trimestral;42900;;
29/08/2019;;Relación de Puestos de Trabajo (RPT) del Ayuntamiento de Madrid y Organismos Autónomos 2017 (14 de  noviembre 2017);Sector público;;235;7;,CSV;Trimestral;43060;;
29/08/2019;;Relación de Puestos de Trabajo (RPT) del Ayuntamiento de Madrid y Organismos Autónomos 2017 (16 de  agosto 2017);Sector público;;250;9;,CSV;Trimestral;42968;;
29/08/2019;;Relación de Puestos de Trabajo (RPT) del Ayuntamiento de Madrid y Organismos Autónomos 2018;Sector público;;1026;14;,CSV;Trimestral;43153;;
29/08/2019;;Relación de Puestos de Trabajo (RPT) del Ayuntamiento de Madrid y Organismos Autónomos 2019;Sector público;;130;3;,CSV;Trimestral;43560;;
29/08/2019;;Relación de Puestos de Trabajo (RPT) del Ayuntamiento de Madrid y sus Organismos Autónomos 2015;Sector público;;7083;741;,CSV;Sin definir;42348;;
29/08/2019;;Relación de Puestos de Trabajo (RPT) del Ayuntamiento de Madrid y sus Organismos Autónomos 2016;Sector público;;5838;355;,CSV;Trimestral;42472;;
29/08/2019;;Relación de Puestos de Trabajo (RPT) del Ayuntamiento de Madrid y sus Organismos Autónomos 2017 (1 de marzo 2017);Sector público;;2750;66;,CSV;Trimestral;42802;;
29/08/2019;;Residencias de ancianos y apartamentos tutelados existentes en la ciudad de Madrid (datos georreferenciados);Sociedad y bienestar;;5906;358;,CSV,GEO,JSON,RDF,API;Sin definir;43514;;
29/08/2019;;Restaurantes con perfil turístico de la ciudad de Madrid (www.esmadrid.com);Turismo;;2079;305;,XML;Diaria;42471;;
29/08/2019;;Retirada de vehículos en vía pública. Grúa municipal;Seguridad;;1872;9;,XML;Trimestral;41710;;
29/08/2019;;Retribuciones de concejales, directivos y eventuales del Ayuntamiento de Madrid;Sector público;;9063;574;,XLS;Trimestral;43245;;
29/08/2019;;Retribuciones del personal funcionario del Ayuntamiento de Madrid;Sector público;;29116;53;,XLS;Trimestral;42843;;
29/08/2019;;Salas de espectáculos artísticos: teatros, cines, filmotecas, auditorios y salas de conciertos;Cultura y ocio;;7440;869;,CSV,GEO,JSON,RDF,API;Anual;41710;;
29/08/2019;;Salas de estudio y lectura;Educación;;1921;405;,CSV,GEO,JSON,RDF,API;Anual;43434;;
29/08/2019;;Sanciones firmes y medidas de restablecimiento de la legalidad en relación con obras en vía pública;Urbanismo e infraestructuras;;20;0;,XLS;Anual;43690;;
29/08/2019;;Sanciones firmes y medidas de restablecimiento de la legalidad sobre inmuebles ;Urbanismo e infraestructuras;;749;5;,XLS;Trimestral;41936;;
29/08/2019;;Sedes. Administración Central;Sector público;;2047;757;,CSV,GEO,JSON,RDF,API;Anual;42039;;
29/08/2019;;Sedes. Administración de Justicia ;Sector público;;2464;762;,CSV,GEO,JSON,RDF,API;Anual;42471;;
29/08/2019;;Sedes. Bibliotecas Especializadas Universitarias y Nacionales;Cultura y ocio;;2347;768;,CSV,GEO,JSON,RDF,API;Anual;43670;;
29/08/2019;;Sedes. Centros con Espacios Deportivos;Deporte;;3152;702;,CSV,GEO,JSON,RDF,API;Anual;43434;;
29/08/2019;;Sedes. Centros de Atención Médica;Sociedad y bienestar;;31304;748;,CSV,GEO,JSON,RDF,XML,API;Anual;43343;;
29/08/2019;;Sedes. Centros de Atención Social;Sociedad y bienestar;;2463;969;,CSV,GEO,JSON,RDF,API;Anual;41710;;
29/08/2019;;Sedes. Centros de Educación;Educación;;4144;710;,CSV,GEO,JSON,RDF,API;Anual;42738;;
29/08/2019;;Sedes. Centros de Enseñanza;Educación;;19040;733;,CSV,GEO,JSON,RDF,API;Anual;42843;;
29/08/2019;;Sedes. Comunidad de Madrid;Sector público;;3202;696;,CSV,GEO,JSON,RDF,API;Anual;42738;;
29/08/2019;;Sedes. Institutos de Investigación;Ciencia y tecnología;;2312;782;,CSV,GEO,JSON,RDF,API;Anual;41844;;
29/08/2019;;Sedes. Oficinas de Correos;Sector público;;2191;722;,CSV,GEO,JSON,RDF,API;Anual;41905;;
29/08/2019;;Sedes. Oficinas de elaboración de  DNI y Pasaporte;Sector público;;1553;693;,CSV,GEO,JSON,RDF,API;Anual;43549;;
29/08/2019;;Sedes. Oficinas de la Agencia Tributaria Estatal;Sector público;;1545;773;,CSV,GEO,JSON,RDF,API;Anual;42103;;
29/08/2019;;Señalización vertical;Urbanismo e infraestructuras;;170;5;,XLS;Semestral;43487;;
29/08/2019;;Sondeo de la valoración y concienciación ciudadana sobre limpieza urbana en la ciudad de Madrid (serie) ;Medio ambiente;;120;4;,XLS;Sin definir;42471;;
29/08/2019;;Sondeo de opinión ciudadana sobre la percepción de seguridad en el distrito de Villaverde;Seguridad;;38;1;,XLS;Sin definir;41976;;
29/08/2019;;Sondeo Madrid Central (serie);Transporte;;98;5;,XLS;Sin definir;42738;;
29/08/2019;;Sondeo sobre la Consulta Ciudadana organizada por el Ayuntamiento de Madrid en febrero de 2017;Sector público;;46;4;,XLS;Sin definir;41841;;
29/08/2019;;Sondeo sobre las medidas especiales de tráfico en Gran Vía y otras calles de Madrid en Navidad (serie);Transporte;;82;4;,XLS;Sin definir;41710;;
29/08/2019;;Subvenciones;Sector público;;2708;2;,XLS;Trimestral;42334;;
29/08/2019;;Sugerencias y reclamaciones (tributarias y generales);Sector público;;2432;448;,XLS;Mensual;42446;;
29/08/2019;;Superficie de parques y zonas verdes de Madrid ;Medio ambiente;;482;6;,XLS;Anual;42471;;
29/08/2019;;Taxi. Datos diarios de flota de vehículos;Transporte;;1948;13;,XLS;Diaria;42471;;
29/08/2019;;Taxi. Datos históricos de flota de vehículos;Transporte;;940;6;,XLS;Mensual;43434;;
29/08/2019;;Taxi. Modelos de vehículos autorizados;Transporte;;5776;885;,XLS;Diaria;41984;;
29/08/2019;;Taxi. Objetos perdidos;Transporte;;532;11;,XLS;Mensual;41816;;
29/08/2019;;Taxi. Reservas de paradas en vía pública;Transporte;;371454;680;,CSV,GEO,XLS;Anual;42237;;
29/08/2019;;Taxi. Situación y Gestión;Transporte;;6116;1001;,XLS;Mensual;41947;;
29/08/2019;;Taxi. Situación y Gestión. Histórico;Transporte;;692;4;,CSV;Anual;43376;;
29/08/2019;;Taxi. Tarifas, suplementos, municipios, paradas eventuales, régimen de descanso y duración del servicio ;Transporte;;128608;7;,CSV;Anual;43024;;
29/08/2019;;Teleférico de Madrid. Número de usuarios;Transporte;;117;5;,XLS;Trimestral;43614;;
29/08/2019;;Teléfonos y otros dispositivos móviles corporativos;Sector público;;663;10;,XLS;Trimestral;42237;;
29/08/2019;;Templos e iglesias católicas;Cultura y ocio;;6164;646;,CSV,GEO,JSON,RDF,API;Anual;43319;;
29/08/2019;;Templos e iglesias no católicas;Cultura y ocio;;3015;616;,CSV,GEO,JSON,RDF,API;Anual;42843;;
29/08/2019;;Tiendas, comercios y mercados con perfil turístico de la ciudad de Madrid (www.esmadrid.com);Turismo;;1267;303;,XML;Diaria;42471;;
29/08/2019;;Tipos de residuos y donde depositarlos;Medio ambiente;;2038;34;,XLS;Anual;43690;;
29/08/2019;;Tráfico Calle 30. Cámaras;Transporte;;1562;644;,XML;Tiempo real;42103;;
29/08/2019;;Tráfico Calle 30. Datos de tráfico y estado del tráfico tiempo real (M-30);Transporte;;51081;1054;,XML;Tiempo real;42103;;
29/08/2019;;Tráfico Calle 30. Estimaciones de tráfico entre entradas y salidas (Webservice);Transporte;;868;640;,XML;Tiempo real;42110;;
29/08/2019;;Tráfico Calle 30. Estimaciones de tráfico entre las diferentes entradas y salidas;Transporte;;1686;668;,XML;Tiempo real;42103;;
29/08/2019;;Tráfico Calle 30. Histórico de datos de usuarios que han circulado desde 2013;Transporte;;1044;684;,XML;Diaria;42110;;
29/08/2019;;Tráfico Calle 30. Histórico de incidencias y accidentes;Urbanismo e infraestructuras;;1440;10;,XLS;Anual;42738;;
29/08/2019;;Tráfico Calle 30. Histórico de trabajos planificados;Urbanismo e infraestructuras;;120;6;,XLS;Anual;41710;;
29/08/2019;;Tráfico Calle 30. Incidencias;Transporte;;815;688;,XML;Tiempo real;42103;;
29/08/2019;;Tráfico Calle 30. Trabajos planificados en tiempo real;Transporte;;522;706;,XML;Tiempo real;42103;;
29/08/2019;;Tráfico. Cabezas semáforos;Transporte;;1394;939;,CSV,SHP,ZIP;Mensual;42446;;
29/08/2019;;Tráfico. Cámaras;Transporte;;155068;1175;,KML;Tiempo real;41710;;
29/08/2019;;Tráfico. Carriles bus;Transporte;;883;662;,KML;Semestral;41831;;
29/08/2019;;Tráfico. Cruces semaforizados;Transporte;;355;4;,CSV,GEO,XLS;Mensual;43434;;
29/08/2019;;Tráfico. Datos del tráfico en tiempo real;Transporte;;826085;1155;,XML;Tiempo real;41710;;
29/08/2019;;Tráfico. Histórico de datos del tráfico desde 2013;Transporte;;23107;705;,ZIP;Mensual;42471;;
29/08/2019;;Tráfico. Incidencias en vía pública;Transporte;;62080;889;,XML;Tiempo real;41710;;
29/08/2019;;Tráfico. Incidencias en vía pública. Mapa;Transporte;;843986;749;,KML;Tiempo real;41859;;
29/08/2019;;Tráfico. Información en paneles informativos de información variable en superficie;Transporte;;782;815;,XML;Tiempo real;41710;;
29/08/2019;;Tráfico. Intensidad media diaria anual por tramos;Transporte;;8477;815;,KMZ,SHP,XLS;Sin definir;43690;;
29/08/2019;;Tráfico. Intensidad y velocidad media en días laborables;Transporte;;2519;979;,XLS;Anual;41744;;
29/08/2019;;Tráfico. Mapa de tramas de intensidad del tráfico;Transporte;;3134916;994;,KML;Tiempo real;41859;;
29/08/2019;;Tráfico. Paneles información variable, ubicación;Transporte;;513;745;,CSV,SHP,ZIP;Anual;43060;;
29/08/2019;;Tráfico. Semáforos apagados o en destellos en tiempo real;Transporte;;1215;836;,XML;Tiempo real;41710;;
29/08/2019;;Tráfico. Semáforos con avisadores acústicos;Transporte;;2225;4941;,CSV,GEO,XLS;Mensual;43679;;
29/08/2019;;Tráfico. Semáforos con control Foto-Rojo;Seguridad;;56148;1142;,CSV,XLS;Anual;43245;;
29/08/2019;;Tráfico. Semáforos que no comunican;Transporte;;663;854;,XML;Tiempo real;41862;;
29/08/2019;;Tráfico. Ubicación de los puntos de medida del tráfico;Transporte;;68065;1042;,CSV,SHP,ZIP;Anual;42129;;
29/08/2019;;Tráfico. Velocidad media diaria anual por tramos;Transporte;;126;2;,KMZ,XLS;Sin definir;43670;;
29/08/2019;;Unidades Integrales de Distrito de Policía Municipal;Seguridad;;4354;1130;,CSV,GEO,JSON,RDF,API;Anual;43655;;
29/08/2019;;Universidades, colegios mayores, residencias universitarias y otros;Educación;;20823;718;,CSV,GEO,JSON,RDF,API;Anual;41710;;
29/08/2019;;Urgencias atendidas desde los Servicios Sociales del Ayuntamiento de Madrid;Sociedad y bienestar;;133;4;,XLS;Trimestral;41834;;
29/08/2019;;Valores catastrales de las unidades urbanas por tipo de propietario y distrito.;Hacienda;;1169;850;,XLS;Sin definir;41710;;
29/08/2019;;Viviendas en alquiler adjudicadas por la Empresa Municipal de la Vivienda y el Suelo (EMVS);Vivienda;;840;12;,XLS;Anual;42808;;
29/08/2019;;Volumen de agua regenerada en las plantas regeneradoras de agua residual;Medio ambiente;;501;7;,XLS;Trimestral;43432;;
29/08/2019;;Voluntarios y voluntarias del Ayuntamiento de Madrid. ;Sociedad y bienestar;;834;688;,XLS;Semestral;43670;;
29/08/2019;;Voluntarios y voluntarias del Ayuntamiento de Madrid. Histórico;Sociedad y bienestar;;111;5;,XLS;Mensual;43670;;
29/08/2019;;Zona de bajas emisiones - Madrid Central ;Transporte;;19955;78;,GEO,ZIP;Anual;0/0/0;;
29/08/2019;;Zonas del Servicio de Estacionamiento Regulado SER;Urbanismo e infraestructuras;;11994;897;,TXT;Mensual;42348;;
29/08/2019;;Zonas SER. Distintivos y parquímetros;Transporte;;5061;366;,CSV,KMZ,XLS;Anual;43549;;
